thilakwilson@gmail.com,c$dL4T#W(*)3
roberttaylor@gmail.com,c$dL4T#W(*)3
charlesarnold@gmail.com,c$dL4T#W(*)3
shikarsmith@gmail.com,c$dL4T#W(*)3
glennjackson@gmail.com,c$dL4T#W(*)3
nicolejacobs@gmail.com,c$dL4T#W(*)3
paavanadugf@gmail.com,c$dL4T#W(*)3
kedarmoore@gmail.com,c$dL4T#W(*)3
shobanawright@gmail.com,c$dL4T#W(*)3
jamesasdugas@gmail.com,c$dL4T#W(*)3
johnplkdfond@gmail.com,c$dL4T#W(*)3
varunasdasjkkj@gmail.com,c$dL4T#W(*)3
stevekumargadhiya@gmail.com,c$dL4T#W(*)3
barbarajackson@gmail.com,c$dL4T#W(*)3
shobhaeuiewiu@gmail.com,c$dL4T#W(*)3
manjumoore@gmail.com,c$dL4T#W(*)3
charlesjacobs@gmail.com,c$dL4T#W(*)3
shobharobinson@gmail.com,c$dL4T#W(*)3
satishtaylor@gmail.com,c$dL4T#W(*)3
joeadugf@gmail.com,c$dL4T#W(*)3
ashwiniasdgagh@gmail.com,c$dL4T#W(*)3
iplmiller@gmail.com,c$dL4T#W(*)3
coreywright@gmail.com,c$dL4T#W(*)3
klwilson@gmail.com,c$dL4T#W(*)3
nicolemurgod@gmail.com,c$dL4T#W(*)3
ashwiniasdasjkkj@gmail.com,c$dL4T#W(*)3
ecfgtbrown@gmail.com,c$dL4T#W(*)3
johnsurwihufd@gmail.com,c$dL4T#W(*)3
robertdijlghijgj@gmail.com,c$dL4T#W(*)3
nicolewilson@gmail.com,c$dL4T#W(*)3
aishuanderson@gmail.com,c$dL4T#W(*)3
maryjacobs@gmail.com,c$dL4T#W(*)3
ecfgteuiewiu@gmail.com,c$dL4T#W(*)3
paavanjones@gmail.com,c$dL4T#W(*)3
abcdasdgagh@gmail.com,c$dL4T#W(*)3
joedoe@gmail.com,c$dL4T#W(*)3
charlesmoore@gmail.com,c$dL4T#W(*)3
viratasdugas@gmail.com,c$dL4T#W(*)3
jenniferharris@gmail.com,c$dL4T#W(*)3
shobhaagyuyaugfr@gmail.com,c$dL4T#W(*)3
mohammedtwuejczb@gmail.com,c$dL4T#W(*)3
paavansurwihufd@gmail.com,c$dL4T#W(*)3
mswright@gmail.com,c$dL4T#W(*)3
iplanderson@gmail.com,c$dL4T#W(*)3
shikarjackson@gmail.com,c$dL4T#W(*)3
joeanderson@gmail.com,c$dL4T#W(*)3
roberteuiewiu@gmail.com,c$dL4T#W(*)3
steveeuiewiu@gmail.com,c$dL4T#W(*)3
shobhastuart@gmail.com,c$dL4T#W(*)3
glenngopala@gmail.com,c$dL4T#W(*)3
manjuplkdfond@gmail.com,c$dL4T#W(*)3
hemalkumargadhiya@gmail.com,c$dL4T#W(*)3
ashwinipatterson@gmail.com,c$dL4T#W(*)3
ashwinianabalagan@gmail.com,c$dL4T#W(*)3
samanderson@gmail.com,c$dL4T#W(*)3
michaeldavis@gmail.com,c$dL4T#W(*)3
coreymurgod@gmail.com,c$dL4T#W(*)3
shobhajacobs@gmail.com,c$dL4T#W(*)3
hemaljackson@gmail.com,c$dL4T#W(*)3
manjujefferson@gmail.com,c$dL4T#W(*)3
viratmurgod@gmail.com,c$dL4T#W(*)3
bhuavantwuejczb@gmail.com,c$dL4T#W(*)3
ecfgtsmith@gmail.com,c$dL4T#W(*)3
paavandoe@gmail.com,c$dL4T#W(*)3
daveharris@gmail.com,c$dL4T#W(*)3
patriciaanderson@gmail.com,c$dL4T#W(*)3
shikararnold@gmail.com,c$dL4T#W(*)3
shikarmoore@gmail.com,c$dL4T#W(*)3
mohammedmurgod@gmail.com,c$dL4T#W(*)3
janewhite@gmail.com,c$dL4T#W(*)3
janeasgdjas@gmail.com,c$dL4T#W(*)3
karunjackson@gmail.com,c$dL4T#W(*)3
paavanmurgod@gmail.com,c$dL4T#W(*)3
msarnold@gmail.com,c$dL4T#W(*)3
tombrown@gmail.com,c$dL4T#W(*)3
joerobinson@gmail.com,c$dL4T#W(*)3
shikarmiller@gmail.com,c$dL4T#W(*)3
jamesjenkins@gmail.com,c$dL4T#W(*)3
sharumiller@gmail.com,c$dL4T#W(*)3
mohammedjohnson@gmail.com,c$dL4T#W(*)3
iplanabalagan@gmail.com,c$dL4T#W(*)3
ishantharnold@gmail.com,c$dL4T#W(*)3
hemalanabalagan@gmail.com,c$dL4T#W(*)3
travisanabalagan@gmail.com,c$dL4T#W(*)3
ecfgtasdasjkkj@gmail.com,c$dL4T#W(*)3
maggiestuart@gmail.com,c$dL4T#W(*)3
kurteuiewiu@gmail.com,c$dL4T#W(*)3
mohammedwilliams@gmail.com,c$dL4T#W(*)3
ishantheuiewiu@gmail.com,c$dL4T#W(*)3
plygfa@gmail.com,c$dL4T#W(*)3
davekumargadhiya@gmail.com,c$dL4T#W(*)3
davemartin@gmail.com,c$dL4T#W(*)3
marymurgod@gmail.com,c$dL4T#W(*)3
robertsmith@gmail.com,c$dL4T#W(*)3
neilarnold@gmail.com,c$dL4T#W(*)3
kurtwilliams@gmail.com,c$dL4T#W(*)3
plstuart@gmail.com,c$dL4T#W(*)3
kurtdavis@gmail.com,c$dL4T#W(*)3
robertasdasjkkj@gmail.com,c$dL4T#W(*)3
bhushanplkdfond@gmail.com,c$dL4T#W(*)3
satishjackson@gmail.com,c$dL4T#W(*)3
travisbrown@gmail.com,c$dL4T#W(*)3
machapatterson@gmail.com,c$dL4T#W(*)3
daveasdasjkkj@gmail.com,c$dL4T#W(*)3
stevearnold@gmail.com,c$dL4T#W(*)3
kurtsurwihufd@gmail.com,c$dL4T#W(*)3
glennasgdjas@gmail.com,c$dL4T#W(*)3
joejacobs@gmail.com,c$dL4T#W(*)3
davetwuejczb@gmail.com,c$dL4T#W(*)3
ashwiniplkdfond@gmail.com,c$dL4T#W(*)3
mariapatterson@gmail.com,c$dL4T#W(*)3
lindawright@gmail.com,c$dL4T#W(*)3
varundavis@gmail.com,c$dL4T#W(*)3
ishanthdijlghijgj@gmail.com,c$dL4T#W(*)3
mohammedplkdfond@gmail.com,c$dL4T#W(*)3
aishugopala@gmail.com,c$dL4T#W(*)3
manjujohnson@gmail.com,c$dL4T#W(*)3
varunwilson@gmail.com,c$dL4T#W(*)3
laurapatterson@gmail.com,c$dL4T#W(*)3
tomwilson@gmail.com,c$dL4T#W(*)3
maggiekumargadhiya@gmail.com,c$dL4T#W(*)3
ecfgtiuerote@gmail.com,c$dL4T#W(*)3
satishdavis@gmail.com,c$dL4T#W(*)3
karundijlghijgj@gmail.com,c$dL4T#W(*)3
travisjacobs@gmail.com,c$dL4T#W(*)3
mohammedgopala@gmail.com,c$dL4T#W(*)3
maggiewhite@gmail.com,c$dL4T#W(*)3
laurawilliams@gmail.com,c$dL4T#W(*)3
shobanataylor@gmail.com,c$dL4T#W(*)3
shobanaasdugas@gmail.com,c$dL4T#W(*)3
shobhaasdgagh@gmail.com,c$dL4T#W(*)3
nicolebrown@gmail.com,c$dL4T#W(*)3
barbararobinson@gmail.com,c$dL4T#W(*)3
patriciaasdasjkkj@gmail.com,c$dL4T#W(*)3
karunasgdjas@gmail.com,c$dL4T#W(*)3
maggiethomas@gmail.com,c$dL4T#W(*)3
barbarapatterson@gmail.com,c$dL4T#W(*)3
joedavis@gmail.com,c$dL4T#W(*)3
ecfgtmartin@gmail.com,c$dL4T#W(*)3
elizabethwright@gmail.com,c$dL4T#W(*)3
klanderson@gmail.com,c$dL4T#W(*)3
bhushaniuerote@gmail.com,c$dL4T#W(*)3
laurasurwihufd@gmail.com,c$dL4T#W(*)3
akshaymurgod@gmail.com,c$dL4T#W(*)3
johnanabalagan@gmail.com,c$dL4T#W(*)3
mohammedpatterson@gmail.com,c$dL4T#W(*)3
rohitharris@gmail.com,c$dL4T#W(*)3
msjones@gmail.com,c$dL4T#W(*)3
elizabethjenkins@gmail.com,c$dL4T#W(*)3
neilasdasjkkj@gmail.com,c$dL4T#W(*)3
shikaragyuyaugfr@gmail.com,c$dL4T#W(*)3
ashwiniasgdjas@gmail.com,c$dL4T#W(*)3
akshayanabalagan@gmail.com,c$dL4T#W(*)3
tomjacobs@gmail.com,c$dL4T#W(*)3
shobhajefferson@gmail.com,c$dL4T#W(*)3
bhuavanjohnson@gmail.com,c$dL4T#W(*)3
tomwright@gmail.com,c$dL4T#W(*)3
ecfgtjefferson@gmail.com,c$dL4T#W(*)3
thilakharris@gmail.com,c$dL4T#W(*)3
asvinidavis@gmail.com,c$dL4T#W(*)3
glennjacobs@gmail.com,c$dL4T#W(*)3
charlesmiller@gmail.com,c$dL4T#W(*)3
kurtbrown@gmail.com,c$dL4T#W(*)3
rohitjones@gmail.com,c$dL4T#W(*)3
mariawilks@gmail.com,c$dL4T#W(*)3
steveiuerote@gmail.com,c$dL4T#W(*)3
abcdeuiewiu@gmail.com,c$dL4T#W(*)3
elizabethasdasjkkj@gmail.com,c$dL4T#W(*)3
maryarnold@gmail.com,c$dL4T#W(*)3
kedarwilliams@gmail.com,c$dL4T#W(*)3
stevewhite@gmail.com,c$dL4T#W(*)3
sharujenkins@gmail.com,c$dL4T#W(*)3
ecfgtdavis@gmail.com,c$dL4T#W(*)3
shobhaarnold@gmail.com,c$dL4T#W(*)3
neiliuerote@gmail.com,c$dL4T#W(*)3
ecfgtmiller@gmail.com,c$dL4T#W(*)3
machathomas@gmail.com,c$dL4T#W(*)3
marydoe@gmail.com,c$dL4T#W(*)3
tommurgod@gmail.com,c$dL4T#W(*)3
laurathomas@gmail.com,c$dL4T#W(*)3
mohammedasdugas@gmail.com,c$dL4T#W(*)3
ecfgtygfa@gmail.com,c$dL4T#W(*)3
ishanthtwuejczb@gmail.com,c$dL4T#W(*)3
hemalmurgod@gmail.com,c$dL4T#W(*)3
kurtplkdfond@gmail.com,c$dL4T#W(*)3
ecfgtjones@gmail.com,c$dL4T#W(*)3
asviniwilson@gmail.com,c$dL4T#W(*)3
kltaylor@gmail.com,c$dL4T#W(*)3
shobanaasgdjas@gmail.com,c$dL4T#W(*)3
klstuart@gmail.com,c$dL4T#W(*)3
plmurgod@gmail.com,c$dL4T#W(*)3
joepatterson@gmail.com,c$dL4T#W(*)3
tomjefferson@gmail.com,c$dL4T#W(*)3
johnjackson@gmail.com,c$dL4T#W(*)3
manjumurgod@gmail.com,c$dL4T#W(*)3
mohammedmiller@gmail.com,c$dL4T#W(*)3
robertwilson@gmail.com,c$dL4T#W(*)3
lindadavis@gmail.com,c$dL4T#W(*)3
thilakasgdjas@gmail.com,c$dL4T#W(*)3
thilakstuart@gmail.com,c$dL4T#W(*)3
neiljenkins@gmail.com,c$dL4T#W(*)3
kurtstuart@gmail.com,c$dL4T#W(*)3
manjugopala@gmail.com,c$dL4T#W(*)3
kedarwilks@gmail.com,c$dL4T#W(*)3
viratagyuyaugfr@gmail.com,c$dL4T#W(*)3
paavandavis@gmail.com,c$dL4T#W(*)3
sharuwhite@gmail.com,c$dL4T#W(*)3
satishagyuyaugfr@gmail.com,c$dL4T#W(*)3
lauraanabalagan@gmail.com,c$dL4T#W(*)3
stevesmith@gmail.com,c$dL4T#W(*)3
paavanpatterson@gmail.com,c$dL4T#W(*)3
manjuasdgagh@gmail.com,c$dL4T#W(*)3
ishanthmartin@gmail.com,c$dL4T#W(*)3
travisstuart@gmail.com,c$dL4T#W(*)3
klmurgod@gmail.com,c$dL4T#W(*)3
satishstuart@gmail.com,c$dL4T#W(*)3
neilbrown@gmail.com,c$dL4T#W(*)3
glennrobinson@gmail.com,c$dL4T#W(*)3
davidtwuejczb@gmail.com,c$dL4T#W(*)3
ishanthstuart@gmail.com,c$dL4T#W(*)3
bhushanjackson@gmail.com,c$dL4T#W(*)3
varunagyuyaugfr@gmail.com,c$dL4T#W(*)3
kldijlghijgj@gmail.com,c$dL4T#W(*)3
barbarajenkins@gmail.com,c$dL4T#W(*)3
jenniferwright@gmail.com,c$dL4T#W(*)3
manjubrown@gmail.com,c$dL4T#W(*)3
shobhaadugf@gmail.com,c$dL4T#W(*)3
stevetwuejczb@gmail.com,c$dL4T#W(*)3
patriciadavis@gmail.com,c$dL4T#W(*)3
plplkdfond@gmail.com,c$dL4T#W(*)3
janetwuejczb@gmail.com,c$dL4T#W(*)3
neildijlghijgj@gmail.com,c$dL4T#W(*)3
patriciastuart@gmail.com,c$dL4T#W(*)3
nicolearnold@gmail.com,c$dL4T#W(*)3
laurajefferson@gmail.com,c$dL4T#W(*)3
shobhaygfa@gmail.com,c$dL4T#W(*)3
marysmith@gmail.com,c$dL4T#W(*)3
nicolestuart@gmail.com,c$dL4T#W(*)3
charlesmartin@gmail.com,c$dL4T#W(*)3
iplmartin@gmail.com,c$dL4T#W(*)3
shikardavis@gmail.com,c$dL4T#W(*)3
neilwilks@gmail.com,c$dL4T#W(*)3
michaeladugf@gmail.com,c$dL4T#W(*)3
samtwuejczb@gmail.com,c$dL4T#W(*)3
kurtrobinson@gmail.com,c$dL4T#W(*)3
asvinistuart@gmail.com,c$dL4T#W(*)3
akshayplkdfond@gmail.com,c$dL4T#W(*)3
joeasdgagh@gmail.com,c$dL4T#W(*)3
robertstuart@gmail.com,c$dL4T#W(*)3
msdavis@gmail.com,c$dL4T#W(*)3
manjuadugf@gmail.com,c$dL4T#W(*)3
msbrown@gmail.com,c$dL4T#W(*)3
traviskumargadhiya@gmail.com,c$dL4T#W(*)3
aishujacobs@gmail.com,c$dL4T#W(*)3
robertjackson@gmail.com,c$dL4T#W(*)3
hemaljacobs@gmail.com,c$dL4T#W(*)3
abcdjefferson@gmail.com,c$dL4T#W(*)3
barbarabrown@gmail.com,c$dL4T#W(*)3
abcdwilson@gmail.com,c$dL4T#W(*)3
shikarasdasjkkj@gmail.com,c$dL4T#W(*)3
ashwinismith@gmail.com,c$dL4T#W(*)3
kedarjohnson@gmail.com,c$dL4T#W(*)3
machastuart@gmail.com,c$dL4T#W(*)3
mariaasdugas@gmail.com,c$dL4T#W(*)3
ecfgtdijlghijgj@gmail.com,c$dL4T#W(*)3
samwhite@gmail.com,c$dL4T#W(*)3
suuuwilks@gmail.com,c$dL4T#W(*)3
satishtwuejczb@gmail.com,c$dL4T#W(*)3
hemalgopala@gmail.com,c$dL4T#W(*)3
tommartin@gmail.com,c$dL4T#W(*)3
viratjenkins@gmail.com,c$dL4T#W(*)3
sammartin@gmail.com,c$dL4T#W(*)3
kedarplkdfond@gmail.com,c$dL4T#W(*)3
thilakgopala@gmail.com,c$dL4T#W(*)3
jenniferasdugas@gmail.com,c$dL4T#W(*)3
asvinimurgod@gmail.com,c$dL4T#W(*)3
karunjones@gmail.com,c$dL4T#W(*)3
akshaybrown@gmail.com,c$dL4T#W(*)3
mohammedrobinson@gmail.com,c$dL4T#W(*)3
machaasdasjkkj@gmail.com,c$dL4T#W(*)3
joejefferson@gmail.com,c$dL4T#W(*)3
shikarsurwihufd@gmail.com,c$dL4T#W(*)3
varunrobinson@gmail.com,c$dL4T#W(*)3
machajones@gmail.com,c$dL4T#W(*)3
manjuwilliams@gmail.com,c$dL4T#W(*)3
varunwilks@gmail.com,c$dL4T#W(*)3
kedariuerote@gmail.com,c$dL4T#W(*)3
coreyygfa@gmail.com,c$dL4T#W(*)3
varuniuerote@gmail.com,c$dL4T#W(*)3
sharuygfa@gmail.com,c$dL4T#W(*)3
aishueuiewiu@gmail.com,c$dL4T#W(*)3
stevebrown@gmail.com,c$dL4T#W(*)3
kedarwright@gmail.com,c$dL4T#W(*)3
patriciamoore@gmail.com,c$dL4T#W(*)3
bhuavanasdugas@gmail.com,c$dL4T#W(*)3
bhushanmiller@gmail.com,c$dL4T#W(*)3
robertasdugas@gmail.com,c$dL4T#W(*)3
glennwhite@gmail.com,c$dL4T#W(*)3
karunbrown@gmail.com,c$dL4T#W(*)3
ecfgtsurwihufd@gmail.com,c$dL4T#W(*)3
charleswilks@gmail.com,c$dL4T#W(*)3
steveanabalagan@gmail.com,c$dL4T#W(*)3
thilakasdgagh@gmail.com,c$dL4T#W(*)3
joekumargadhiya@gmail.com,c$dL4T#W(*)3
msmartin@gmail.com,c$dL4T#W(*)3
robertmoore@gmail.com,c$dL4T#W(*)3
michaelthomas@gmail.com,c$dL4T#W(*)3
klplkdfond@gmail.com,c$dL4T#W(*)3
stevemoore@gmail.com,c$dL4T#W(*)3
asvinimoore@gmail.com,c$dL4T#W(*)3
abcdthomas@gmail.com,c$dL4T#W(*)3
ishanthjones@gmail.com,c$dL4T#W(*)3
jamesmoore@gmail.com,c$dL4T#W(*)3
davebrown@gmail.com,c$dL4T#W(*)3
sharudoe@gmail.com,c$dL4T#W(*)3
ishanthiuerote@gmail.com,c$dL4T#W(*)3
shobanaygfa@gmail.com,c$dL4T#W(*)3
barbaratwuejczb@gmail.com,c$dL4T#W(*)3
shikarrobinson@gmail.com,c$dL4T#W(*)3
bhushanjefferson@gmail.com,c$dL4T#W(*)3
jennifertaylor@gmail.com,c$dL4T#W(*)3
jenniferjacobs@gmail.com,c$dL4T#W(*)3
davidjacobs@gmail.com,c$dL4T#W(*)3
pljacobs@gmail.com,c$dL4T#W(*)3
rohitarnold@gmail.com,c$dL4T#W(*)3
davewilks@gmail.com,c$dL4T#W(*)3
ipldoe@gmail.com,c$dL4T#W(*)3
aishuiuerote@gmail.com,c$dL4T#W(*)3
mariaasgdjas@gmail.com,c$dL4T#W(*)3
maggieasdgagh@gmail.com,c$dL4T#W(*)3
mohammeddavis@gmail.com,c$dL4T#W(*)3
viratmartin@gmail.com,c$dL4T#W(*)3
jamesjacobs@gmail.com,c$dL4T#W(*)3
travismartin@gmail.com,c$dL4T#W(*)3
mariajefferson@gmail.com,c$dL4T#W(*)3
thilakmiller@gmail.com,c$dL4T#W(*)3
coreybrown@gmail.com,c$dL4T#W(*)3
ashwiniiuerote@gmail.com,c$dL4T#W(*)3
travismurgod@gmail.com,c$dL4T#W(*)3
ecfgtwright@gmail.com,c$dL4T#W(*)3
robertkumargadhiya@gmail.com,c$dL4T#W(*)3
abcdwhite@gmail.com,c$dL4T#W(*)3
steveadugf@gmail.com,c$dL4T#W(*)3
janejacobs@gmail.com,c$dL4T#W(*)3
nicolejohnson@gmail.com,c$dL4T#W(*)3
jameswright@gmail.com,c$dL4T#W(*)3
rohitagyuyaugfr@gmail.com,c$dL4T#W(*)3
joewhite@gmail.com,c$dL4T#W(*)3
neilgopala@gmail.com,c$dL4T#W(*)3
ishanthwilliams@gmail.com,c$dL4T#W(*)3
coreyasgdjas@gmail.com,c$dL4T#W(*)3
daveiuerote@gmail.com,c$dL4T#W(*)3
maggiewright@gmail.com,c$dL4T#W(*)3
travistwuejczb@gmail.com,c$dL4T#W(*)3
plagyuyaugfr@gmail.com,c$dL4T#W(*)3
elizabethsurwihufd@gmail.com,c$dL4T#W(*)3
jenniferwhite@gmail.com,c$dL4T#W(*)3
karunwilliams@gmail.com,c$dL4T#W(*)3
kurttaylor@gmail.com,c$dL4T#W(*)3
neilagyuyaugfr@gmail.com,c$dL4T#W(*)3
daveasdugas@gmail.com,c$dL4T#W(*)3
rohittaylor@gmail.com,c$dL4T#W(*)3
mariathomas@gmail.com,c$dL4T#W(*)3
mariasurwihufd@gmail.com,c$dL4T#W(*)3
karunwright@gmail.com,c$dL4T#W(*)3
ipljacobs@gmail.com,c$dL4T#W(*)3
sharurobinson@gmail.com,c$dL4T#W(*)3
pljones@gmail.com,c$dL4T#W(*)3
nicoledoe@gmail.com,c$dL4T#W(*)3
karunmurgod@gmail.com,c$dL4T#W(*)3
bhushanpatterson@gmail.com,c$dL4T#W(*)3
coreyanabalagan@gmail.com,c$dL4T#W(*)3
asviniplkdfond@gmail.com,c$dL4T#W(*)3
nicoleharris@gmail.com,c$dL4T#W(*)3
hemaljohnson@gmail.com,c$dL4T#W(*)3
bhuavanmurgod@gmail.com,c$dL4T#W(*)3
mariabrown@gmail.com,c$dL4T#W(*)3
laurawright@gmail.com,c$dL4T#W(*)3
akshaywilliams@gmail.com,c$dL4T#W(*)3
bhuavanmoore@gmail.com,c$dL4T#W(*)3
ishanththomas@gmail.com,c$dL4T#W(*)3
maryasdasjkkj@gmail.com,c$dL4T#W(*)3
travisrobinson@gmail.com,c$dL4T#W(*)3
asvinijefferson@gmail.com,c$dL4T#W(*)3
shobanamiller@gmail.com,c$dL4T#W(*)3
jamesadugf@gmail.com,c$dL4T#W(*)3
coreydavis@gmail.com,c$dL4T#W(*)3
sharuarnold@gmail.com,c$dL4T#W(*)3
rohitdijlghijgj@gmail.com,c$dL4T#W(*)3
asviniarnold@gmail.com,c$dL4T#W(*)3
paavanrobinson@gmail.com,c$dL4T#W(*)3
elizabethasdugas@gmail.com,c$dL4T#W(*)3
glennjohnson@gmail.com,c$dL4T#W(*)3
thilakjohnson@gmail.com,c$dL4T#W(*)3
kurtgopala@gmail.com,c$dL4T#W(*)3
joeeuiewiu@gmail.com,c$dL4T#W(*)3
pldavis@gmail.com,c$dL4T#W(*)3
robertharris@gmail.com,c$dL4T#W(*)3
hemaliuerote@gmail.com,c$dL4T#W(*)3
maggiejefferson@gmail.com,c$dL4T#W(*)3
karunsmith@gmail.com,c$dL4T#W(*)3
karunmartin@gmail.com,c$dL4T#W(*)3
abcdadugf@gmail.com,c$dL4T#W(*)3
shikarwilks@gmail.com,c$dL4T#W(*)3
robertjohnson@gmail.com,c$dL4T#W(*)3
abcdplkdfond@gmail.com,c$dL4T#W(*)3
hemalwright@gmail.com,c$dL4T#W(*)3
nicolethomas@gmail.com,c$dL4T#W(*)3
machamoore@gmail.com,c$dL4T#W(*)3
maggiedavis@gmail.com,c$dL4T#W(*)3
charlespatterson@gmail.com,c$dL4T#W(*)3
plmartin@gmail.com,c$dL4T#W(*)3
johnsmith@gmail.com,c$dL4T#W(*)3
rohitasdasjkkj@gmail.com,c$dL4T#W(*)3
glennarnold@gmail.com,c$dL4T#W(*)3
suuuygfa@gmail.com,c$dL4T#W(*)3
bhushanthomas@gmail.com,c$dL4T#W(*)3
travissmith@gmail.com,c$dL4T#W(*)3
aishuwhite@gmail.com,c$dL4T#W(*)3
rohitbrown@gmail.com,c$dL4T#W(*)3
samygfa@gmail.com,c$dL4T#W(*)3
asviniwilliams@gmail.com,c$dL4T#W(*)3
ashwinistuart@gmail.com,c$dL4T#W(*)3
stevepatterson@gmail.com,c$dL4T#W(*)3
ecfgtarnold@gmail.com,c$dL4T#W(*)3
thilaksmith@gmail.com,c$dL4T#W(*)3
sharuiuerote@gmail.com,c$dL4T#W(*)3
paavanjefferson@gmail.com,c$dL4T#W(*)3
thilakjacobs@gmail.com,c$dL4T#W(*)3
lindaadugf@gmail.com,c$dL4T#W(*)3
charlesjones@gmail.com,c$dL4T#W(*)3
aishusmith@gmail.com,c$dL4T#W(*)3
charlesanabalagan@gmail.com,c$dL4T#W(*)3
traviswright@gmail.com,c$dL4T#W(*)3
charlesygfa@gmail.com,c$dL4T#W(*)3
shikarwilson@gmail.com,c$dL4T#W(*)3
mohammedwilson@gmail.com,c$dL4T#W(*)3
viratwright@gmail.com,c$dL4T#W(*)3
suuumiller@gmail.com,c$dL4T#W(*)3
mohammedeuiewiu@gmail.com,c$dL4T#W(*)3
asvinitaylor@gmail.com,c$dL4T#W(*)3
glennanderson@gmail.com,c$dL4T#W(*)3
joegopala@gmail.com,c$dL4T#W(*)3
shobhataylor@gmail.com,c$dL4T#W(*)3
neilanabalagan@gmail.com,c$dL4T#W(*)3
glennwright@gmail.com,c$dL4T#W(*)3
manjuharris@gmail.com,c$dL4T#W(*)3
stevemartin@gmail.com,c$dL4T#W(*)3
daveanderson@gmail.com,c$dL4T#W(*)3
ashwinijackson@gmail.com,c$dL4T#W(*)3
sammurgod@gmail.com,c$dL4T#W(*)3
marypatterson@gmail.com,c$dL4T#W(*)3
maggieagyuyaugfr@gmail.com,c$dL4T#W(*)3
michaelanabalagan@gmail.com,c$dL4T#W(*)3
varunadugf@gmail.com,c$dL4T#W(*)3
joewilliams@gmail.com,c$dL4T#W(*)3
davidanabalagan@gmail.com,c$dL4T#W(*)3
akshaydoe@gmail.com,c$dL4T#W(*)3
patriciabrown@gmail.com,c$dL4T#W(*)3
bhushanasdgagh@gmail.com,c$dL4T#W(*)3
bhuavanwright@gmail.com,c$dL4T#W(*)3
kedarasdgagh@gmail.com,c$dL4T#W(*)3
shikartwuejczb@gmail.com,c$dL4T#W(*)3
manjutaylor@gmail.com,c$dL4T#W(*)3
satishharris@gmail.com,c$dL4T#W(*)3
johnygfa@gmail.com,c$dL4T#W(*)3
barbarawright@gmail.com,c$dL4T#W(*)3
ishanthkumargadhiya@gmail.com,c$dL4T#W(*)3
shobanawilks@gmail.com,c$dL4T#W(*)3
elizabethbrown@gmail.com,c$dL4T#W(*)3
coreythomas@gmail.com,c$dL4T#W(*)3
kurtkumargadhiya@gmail.com,c$dL4T#W(*)3
michaeljacobs@gmail.com,c$dL4T#W(*)3
marydavis@gmail.com,c$dL4T#W(*)3
jamesharris@gmail.com,c$dL4T#W(*)3
marygopala@gmail.com,c$dL4T#W(*)3
suuuadugf@gmail.com,c$dL4T#W(*)3
hemaljones@gmail.com,c$dL4T#W(*)3
stevewilliams@gmail.com,c$dL4T#W(*)3
machaarnold@gmail.com,c$dL4T#W(*)3
satishjacobs@gmail.com,c$dL4T#W(*)3
coreymoore@gmail.com,c$dL4T#W(*)3
jennifertwuejczb@gmail.com,c$dL4T#W(*)3
kedarstuart@gmail.com,c$dL4T#W(*)3
johnwilson@gmail.com,c$dL4T#W(*)3
shobhaanabalagan@gmail.com,c$dL4T#W(*)3
neiltaylor@gmail.com,c$dL4T#W(*)3
rohitthomas@gmail.com,c$dL4T#W(*)3
elizabethwilliams@gmail.com,c$dL4T#W(*)3
shobanawilliams@gmail.com,c$dL4T#W(*)3
paavanwilson@gmail.com,c$dL4T#W(*)3
asvinimartin@gmail.com,c$dL4T#W(*)3
thilakeuiewiu@gmail.com,c$dL4T#W(*)3
msjefferson@gmail.com,c$dL4T#W(*)3
ipliuerote@gmail.com,c$dL4T#W(*)3
steveasdugas@gmail.com,c$dL4T#W(*)3
sharuanderson@gmail.com,c$dL4T#W(*)3
machaanabalagan@gmail.com,c$dL4T#W(*)3
shobhakumargadhiya@gmail.com,c$dL4T#W(*)3
kedaragyuyaugfr@gmail.com,c$dL4T#W(*)3
paavandijlghijgj@gmail.com,c$dL4T#W(*)3
janerobinson@gmail.com,c$dL4T#W(*)3
charlesasdugas@gmail.com,c$dL4T#W(*)3
jameswilks@gmail.com,c$dL4T#W(*)3
abcdmoore@gmail.com,c$dL4T#W(*)3
johnwilliams@gmail.com,c$dL4T#W(*)3
elizabetheuiewiu@gmail.com,c$dL4T#W(*)3
klasdasjkkj@gmail.com,c$dL4T#W(*)3
hemalthomas@gmail.com,c$dL4T#W(*)3
maggiebrown@gmail.com,c$dL4T#W(*)3
paavanwilliams@gmail.com,c$dL4T#W(*)3
manjujacobs@gmail.com,c$dL4T#W(*)3
janepatterson@gmail.com,c$dL4T#W(*)3
sharuadugf@gmail.com,c$dL4T#W(*)3
viratgopala@gmail.com,c$dL4T#W(*)3
davejefferson@gmail.com,c$dL4T#W(*)3
plasgdjas@gmail.com,c$dL4T#W(*)3
stevejefferson@gmail.com,c$dL4T#W(*)3
stevedoe@gmail.com,c$dL4T#W(*)3
jamesarnold@gmail.com,c$dL4T#W(*)3
elizabethygfa@gmail.com,c$dL4T#W(*)3
elizabethdoe@gmail.com,c$dL4T#W(*)3
ishanthharris@gmail.com,c$dL4T#W(*)3
akshayagyuyaugfr@gmail.com,c$dL4T#W(*)3
paavaneuiewiu@gmail.com,c$dL4T#W(*)3
msplkdfond@gmail.com,c$dL4T#W(*)3
travisasgdjas@gmail.com,c$dL4T#W(*)3
kedararnold@gmail.com,c$dL4T#W(*)3
lindajackson@gmail.com,c$dL4T#W(*)3
johnmartin@gmail.com,c$dL4T#W(*)3
nicolemartin@gmail.com,c$dL4T#W(*)3
nicolegopala@gmail.com,c$dL4T#W(*)3
shobhabrown@gmail.com,c$dL4T#W(*)3
shikarpatterson@gmail.com,c$dL4T#W(*)3
suuuwhite@gmail.com,c$dL4T#W(*)3
coreyrobinson@gmail.com,c$dL4T#W(*)3
akshaythomas@gmail.com,c$dL4T#W(*)3
sharudavis@gmail.com,c$dL4T#W(*)3
rohitpatterson@gmail.com,c$dL4T#W(*)3
shobanaplkdfond@gmail.com,c$dL4T#W(*)3
abcdasdugas@gmail.com,c$dL4T#W(*)3
kurtjones@gmail.com,c$dL4T#W(*)3
jamesdavis@gmail.com,c$dL4T#W(*)3
charlesjenkins@gmail.com,c$dL4T#W(*)3
mariawilson@gmail.com,c$dL4T#W(*)3
coreyjohnson@gmail.com,c$dL4T#W(*)3
karuntaylor@gmail.com,c$dL4T#W(*)3
akshaywilks@gmail.com,c$dL4T#W(*)3
nicoledijlghijgj@gmail.com,c$dL4T#W(*)3
elizabethwhite@gmail.com,c$dL4T#W(*)3
barbaraygfa@gmail.com,c$dL4T#W(*)3
hemalmartin@gmail.com,c$dL4T#W(*)3
neilwilliams@gmail.com,c$dL4T#W(*)3
karunplkdfond@gmail.com,c$dL4T#W(*)3
janejones@gmail.com,c$dL4T#W(*)3
robertwilks@gmail.com,c$dL4T#W(*)3
abcddijlghijgj@gmail.com,c$dL4T#W(*)3
hemalagyuyaugfr@gmail.com,c$dL4T#W(*)3
elizabethplkdfond@gmail.com,c$dL4T#W(*)3
michaelmoore@gmail.com,c$dL4T#W(*)3
bhushangopala@gmail.com,c$dL4T#W(*)3
robertiuerote@gmail.com,c$dL4T#W(*)3
samasdasjkkj@gmail.com,c$dL4T#W(*)3
jenniferplkdfond@gmail.com,c$dL4T#W(*)3
abcdbrown@gmail.com,c$dL4T#W(*)3
shikargopala@gmail.com,c$dL4T#W(*)3
davewhite@gmail.com,c$dL4T#W(*)3
manjuanderson@gmail.com,c$dL4T#W(*)3
machaiuerote@gmail.com,c$dL4T#W(*)3
laurabrown@gmail.com,c$dL4T#W(*)3
kedarmurgod@gmail.com,c$dL4T#W(*)3
abcdjenkins@gmail.com,c$dL4T#W(*)3
suuumoore@gmail.com,c$dL4T#W(*)3
stevewilks@gmail.com,c$dL4T#W(*)3
ishanthjefferson@gmail.com,c$dL4T#W(*)3
travissurwihufd@gmail.com,c$dL4T#W(*)3
machamartin@gmail.com,c$dL4T#W(*)3
satishmartin@gmail.com,c$dL4T#W(*)3
marykumargadhiya@gmail.com,c$dL4T#W(*)3
neiltwuejczb@gmail.com,c$dL4T#W(*)3
traviswilson@gmail.com,c$dL4T#W(*)3
bhuavanwilks@gmail.com,c$dL4T#W(*)3
abcdtaylor@gmail.com,c$dL4T#W(*)3
shobhaplkdfond@gmail.com,c$dL4T#W(*)3
paavanjacobs@gmail.com,c$dL4T#W(*)3
kljenkins@gmail.com,c$dL4T#W(*)3
karunwhite@gmail.com,c$dL4T#W(*)3
satishygfa@gmail.com,c$dL4T#W(*)3
planderson@gmail.com,c$dL4T#W(*)3
coreyarnold@gmail.com,c$dL4T#W(*)3
charlessurwihufd@gmail.com,c$dL4T#W(*)3
patriciaarnold@gmail.com,c$dL4T#W(*)3
jenniferanderson@gmail.com,c$dL4T#W(*)3
tomstuart@gmail.com,c$dL4T#W(*)3
samsurwihufd@gmail.com,c$dL4T#W(*)3
lindawilson@gmail.com,c$dL4T#W(*)3
satishjohnson@gmail.com,c$dL4T#W(*)3
akshayjenkins@gmail.com,c$dL4T#W(*)3
jenniferdavis@gmail.com,c$dL4T#W(*)3
charlesadugf@gmail.com,c$dL4T#W(*)3
barbaraasdasjkkj@gmail.com,c$dL4T#W(*)3
plwilks@gmail.com,c$dL4T#W(*)3
plgopala@gmail.com,c$dL4T#W(*)3
mariajones@gmail.com,c$dL4T#W(*)3
maryanabalagan@gmail.com,c$dL4T#W(*)3
michaeljefferson@gmail.com,c$dL4T#W(*)3
charlesanderson@gmail.com,c$dL4T#W(*)3
aishuasdgagh@gmail.com,c$dL4T#W(*)3
jamesjackson@gmail.com,c$dL4T#W(*)3
karunjohnson@gmail.com,c$dL4T#W(*)3
michaelasdgagh@gmail.com,c$dL4T#W(*)3
johndavis@gmail.com,c$dL4T#W(*)3
machasmith@gmail.com,c$dL4T#W(*)3
robertagyuyaugfr@gmail.com,c$dL4T#W(*)3
thilakasdasjkkj@gmail.com,c$dL4T#W(*)3
shobanabrown@gmail.com,c$dL4T#W(*)3
rohitwilson@gmail.com,c$dL4T#W(*)3
aishutaylor@gmail.com,c$dL4T#W(*)3
joejackson@gmail.com,c$dL4T#W(*)3
shikareuiewiu@gmail.com,c$dL4T#W(*)3
shikaradugf@gmail.com,c$dL4T#W(*)3
davidmurgod@gmail.com,c$dL4T#W(*)3
maggiemoore@gmail.com,c$dL4T#W(*)3
karuntwuejczb@gmail.com,c$dL4T#W(*)3
glennkumargadhiya@gmail.com,c$dL4T#W(*)3
sharujacobs@gmail.com,c$dL4T#W(*)3
robertwright@gmail.com,c$dL4T#W(*)3
nicoletwuejczb@gmail.com,c$dL4T#W(*)3
iplagyuyaugfr@gmail.com,c$dL4T#W(*)3
thilakrobinson@gmail.com,c$dL4T#W(*)3
bhushanstuart@gmail.com,c$dL4T#W(*)3
asviniwright@gmail.com,c$dL4T#W(*)3
rohitgopala@gmail.com,c$dL4T#W(*)3
charlesthomas@gmail.com,c$dL4T#W(*)3
janewilks@gmail.com,c$dL4T#W(*)3
jamesmurgod@gmail.com,c$dL4T#W(*)3
ashwinithomas@gmail.com,c$dL4T#W(*)3
klmoore@gmail.com,c$dL4T#W(*)3
bhuavanbrown@gmail.com,c$dL4T#W(*)3
kedarygfa@gmail.com,c$dL4T#W(*)3
davidwilson@gmail.com,c$dL4T#W(*)3
nicolejenkins@gmail.com,c$dL4T#W(*)3
johniuerote@gmail.com,c$dL4T#W(*)3
maggiejackson@gmail.com,c$dL4T#W(*)3
shobanamoore@gmail.com,c$dL4T#W(*)3
lindastuart@gmail.com,c$dL4T#W(*)3
ipljohnson@gmail.com,c$dL4T#W(*)3
laurajohnson@gmail.com,c$dL4T#W(*)3
sharuasdasjkkj@gmail.com,c$dL4T#W(*)3
samjackson@gmail.com,c$dL4T#W(*)3
barbaradavis@gmail.com,c$dL4T#W(*)3
nicoleasdgagh@gmail.com,c$dL4T#W(*)3
machaplkdfond@gmail.com,c$dL4T#W(*)3
jenniferagyuyaugfr@gmail.com,c$dL4T#W(*)3
robertbrown@gmail.com,c$dL4T#W(*)3
tomdijlghijgj@gmail.com,c$dL4T#W(*)3
msdijlghijgj@gmail.com,c$dL4T#W(*)3
pljefferson@gmail.com,c$dL4T#W(*)3
davidgopala@gmail.com,c$dL4T#W(*)3
abcdrobinson@gmail.com,c$dL4T#W(*)3
steveygfa@gmail.com,c$dL4T#W(*)3
nicoleasdugas@gmail.com,c$dL4T#W(*)3
bhushanmurgod@gmail.com,c$dL4T#W(*)3
shobanaagyuyaugfr@gmail.com,c$dL4T#W(*)3
tomsurwihufd@gmail.com,c$dL4T#W(*)3
akshayanderson@gmail.com,c$dL4T#W(*)3
michaeljackson@gmail.com,c$dL4T#W(*)3
coreyasdgagh@gmail.com,c$dL4T#W(*)3
virattaylor@gmail.com,c$dL4T#W(*)3
davesurwihufd@gmail.com,c$dL4T#W(*)3
shikarmartin@gmail.com,c$dL4T#W(*)3
iplygfa@gmail.com,c$dL4T#W(*)3
paavanygfa@gmail.com,c$dL4T#W(*)3
mohammedtaylor@gmail.com,c$dL4T#W(*)3
thilakwhite@gmail.com,c$dL4T#W(*)3
ashwinimoore@gmail.com,c$dL4T#W(*)3
janearnold@gmail.com,c$dL4T#W(*)3
ishanthdavis@gmail.com,c$dL4T#W(*)3
sharuagyuyaugfr@gmail.com,c$dL4T#W(*)3
sharuwilks@gmail.com,c$dL4T#W(*)3
iplrobinson@gmail.com,c$dL4T#W(*)3
joestuart@gmail.com,c$dL4T#W(*)3
nicolewhite@gmail.com,c$dL4T#W(*)3
davetaylor@gmail.com,c$dL4T#W(*)3
mariagopala@gmail.com,c$dL4T#W(*)3
glennthomas@gmail.com,c$dL4T#W(*)3
viratiuerote@gmail.com,c$dL4T#W(*)3
bhushanwilks@gmail.com,c$dL4T#W(*)3
joeagyuyaugfr@gmail.com,c$dL4T#W(*)3
akshayadugf@gmail.com,c$dL4T#W(*)3
karuniuerote@gmail.com,c$dL4T#W(*)3
bhuavanwilson@gmail.com,c$dL4T#W(*)3
shikarmurgod@gmail.com,c$dL4T#W(*)3
viratygfa@gmail.com,c$dL4T#W(*)3
maggiejacobs@gmail.com,c$dL4T#W(*)3
travispatterson@gmail.com,c$dL4T#W(*)3
shikarkumargadhiya@gmail.com,c$dL4T#W(*)3
robertjenkins@gmail.com,c$dL4T#W(*)3
maryagyuyaugfr@gmail.com,c$dL4T#W(*)3
machaygfa@gmail.com,c$dL4T#W(*)3
akshaywright@gmail.com,c$dL4T#W(*)3
bhuavandavis@gmail.com,c$dL4T#W(*)3
lindaplkdfond@gmail.com,c$dL4T#W(*)3
tomasdasjkkj@gmail.com,c$dL4T#W(*)3
barbarakumargadhiya@gmail.com,c$dL4T#W(*)3
bhuavangopala@gmail.com,c$dL4T#W(*)3
charleswhite@gmail.com,c$dL4T#W(*)3
sharubrown@gmail.com,c$dL4T#W(*)3
davidsurwihufd@gmail.com,c$dL4T#W(*)3
suuukumargadhiya@gmail.com,c$dL4T#W(*)3
ashwiniwilks@gmail.com,c$dL4T#W(*)3
tomasdgagh@gmail.com,c$dL4T#W(*)3
patriciaplkdfond@gmail.com,c$dL4T#W(*)3
michaelharris@gmail.com,c$dL4T#W(*)3
stevejenkins@gmail.com,c$dL4T#W(*)3
aishuasgdjas@gmail.com,c$dL4T#W(*)3
davidygfa@gmail.com,c$dL4T#W(*)3
shikartaylor@gmail.com,c$dL4T#W(*)3
ashwinijacobs@gmail.com,c$dL4T#W(*)3
maggieiuerote@gmail.com,c$dL4T#W(*)3
steveanderson@gmail.com,c$dL4T#W(*)3
lindaeuiewiu@gmail.com,c$dL4T#W(*)3
glennjefferson@gmail.com,c$dL4T#W(*)3
aishutwuejczb@gmail.com,c$dL4T#W(*)3
neilkumargadhiya@gmail.com,c$dL4T#W(*)3
ishanthmoore@gmail.com,c$dL4T#W(*)3
ishanthjenkins@gmail.com,c$dL4T#W(*)3
johnmurgod@gmail.com,c$dL4T#W(*)3
asvinigopala@gmail.com,c$dL4T#W(*)3
machaasdgagh@gmail.com,c$dL4T#W(*)3
plharris@gmail.com,c$dL4T#W(*)3
mohammedbrown@gmail.com,c$dL4T#W(*)3
viratjones@gmail.com,c$dL4T#W(*)3
paavanasdugas@gmail.com,c$dL4T#W(*)3
johnjones@gmail.com,c$dL4T#W(*)3
thilakjackson@gmail.com,c$dL4T#W(*)3
neilasdugas@gmail.com,c$dL4T#W(*)3
joemartin@gmail.com,c$dL4T#W(*)3
michaeljenkins@gmail.com,c$dL4T#W(*)3
lauraasdgagh@gmail.com,c$dL4T#W(*)3
mohammedanderson@gmail.com,c$dL4T#W(*)3
johndoe@gmail.com,c$dL4T#W(*)3
kurtasdasjkkj@gmail.com,c$dL4T#W(*)3
johntaylor@gmail.com,c$dL4T#W(*)3
michaeljohnson@gmail.com,c$dL4T#W(*)3
davemoore@gmail.com,c$dL4T#W(*)3
charleswilson@gmail.com,c$dL4T#W(*)3
varunthomas@gmail.com,c$dL4T#W(*)3
maggiewilks@gmail.com,c$dL4T#W(*)3
satisheuiewiu@gmail.com,c$dL4T#W(*)3
karundavis@gmail.com,c$dL4T#W(*)3
kedardoe@gmail.com,c$dL4T#W(*)3
lauraasdasjkkj@gmail.com,c$dL4T#W(*)3
viratasgdjas@gmail.com,c$dL4T#W(*)3
rohitplkdfond@gmail.com,c$dL4T#W(*)3
patriciasmith@gmail.com,c$dL4T#W(*)3
ishanthpatterson@gmail.com,c$dL4T#W(*)3
patriciajones@gmail.com,c$dL4T#W(*)3
bhuavanjacobs@gmail.com,c$dL4T#W(*)3
satishwilliams@gmail.com,c$dL4T#W(*)3
mswilliams@gmail.com,c$dL4T#W(*)3
janeasdugas@gmail.com,c$dL4T#W(*)3
hemalwilson@gmail.com,c$dL4T#W(*)3
suuuthomas@gmail.com,c$dL4T#W(*)3
ashwiniarnold@gmail.com,c$dL4T#W(*)3
neilmoore@gmail.com,c$dL4T#W(*)3
neileuiewiu@gmail.com,c$dL4T#W(*)3
elizabethdijlghijgj@gmail.com,c$dL4T#W(*)3
abcdiuerote@gmail.com,c$dL4T#W(*)3
bhuavananabalagan@gmail.com,c$dL4T#W(*)3
patriciaasdgagh@gmail.com,c$dL4T#W(*)3
barbaraasdgagh@gmail.com,c$dL4T#W(*)3
karungopala@gmail.com,c$dL4T#W(*)3
sharuthomas@gmail.com,c$dL4T#W(*)3
jamesiuerote@gmail.com,c$dL4T#W(*)3
paavanwright@gmail.com,c$dL4T#W(*)3
ashwinidavis@gmail.com,c$dL4T#W(*)3
janeiuerote@gmail.com,c$dL4T#W(*)3
jenniferasdgagh@gmail.com,c$dL4T#W(*)3
mohammedjefferson@gmail.com,c$dL4T#W(*)3
travisarnold@gmail.com,c$dL4T#W(*)3
daverobinson@gmail.com,c$dL4T#W(*)3
mohammedsmith@gmail.com,c$dL4T#W(*)3
jenniferpatterson@gmail.com,c$dL4T#W(*)3
asviniwhite@gmail.com,c$dL4T#W(*)3
patriciawilson@gmail.com,c$dL4T#W(*)3
nicoleiuerote@gmail.com,c$dL4T#W(*)3
glennsmith@gmail.com,c$dL4T#W(*)3
shobhasurwihufd@gmail.com,c$dL4T#W(*)3
maggieeuiewiu@gmail.com,c$dL4T#W(*)3
maggiesmith@gmail.com,c$dL4T#W(*)3
mohammedwright@gmail.com,c$dL4T#W(*)3
paavanwhite@gmail.com,c$dL4T#W(*)3
maryadugf@gmail.com,c$dL4T#W(*)3
paavanjackson@gmail.com,c$dL4T#W(*)3
patriciaasgdjas@gmail.com,c$dL4T#W(*)3
akshaydavis@gmail.com,c$dL4T#W(*)3
mssmith@gmail.com,c$dL4T#W(*)3
davidiuerote@gmail.com,c$dL4T#W(*)3
viratanabalagan@gmail.com,c$dL4T#W(*)3
ashwinitwuejczb@gmail.com,c$dL4T#W(*)3
jenniferjones@gmail.com,c$dL4T#W(*)3
bhushanagyuyaugfr@gmail.com,c$dL4T#W(*)3
davejackson@gmail.com,c$dL4T#W(*)3
plsmith@gmail.com,c$dL4T#W(*)3
jamestaylor@gmail.com,c$dL4T#W(*)3
ecfgtjacobs@gmail.com,c$dL4T#W(*)3
bhushandoe@gmail.com,c$dL4T#W(*)3
ipldavis@gmail.com,c$dL4T#W(*)3
travisplkdfond@gmail.com,c$dL4T#W(*)3
stevetaylor@gmail.com,c$dL4T#W(*)3
aishuplkdfond@gmail.com,c$dL4T#W(*)3
mswilks@gmail.com,c$dL4T#W(*)3
virattwuejczb@gmail.com,c$dL4T#W(*)3
stevegopala@gmail.com,c$dL4T#W(*)3
karunasdugas@gmail.com,c$dL4T#W(*)3
kurtasdugas@gmail.com,c$dL4T#W(*)3
maggiedijlghijgj@gmail.com,c$dL4T#W(*)3
kurtasdgagh@gmail.com,c$dL4T#W(*)3
shobhaasdasjkkj@gmail.com,c$dL4T#W(*)3
robertplkdfond@gmail.com,c$dL4T#W(*)3
hemaltwuejczb@gmail.com,c$dL4T#W(*)3
jamesagyuyaugfr@gmail.com,c$dL4T#W(*)3
aishumoore@gmail.com,c$dL4T#W(*)3
bhuavandijlghijgj@gmail.com,c$dL4T#W(*)3
paavanharris@gmail.com,c$dL4T#W(*)3
shikarasdugas@gmail.com,c$dL4T#W(*)3
thilaktwuejczb@gmail.com,c$dL4T#W(*)3
abcdwilliams@gmail.com,c$dL4T#W(*)3
tomarnold@gmail.com,c$dL4T#W(*)3
msjohnson@gmail.com,c$dL4T#W(*)3
davidasdugas@gmail.com,c$dL4T#W(*)3
ecfgtwilliams@gmail.com,c$dL4T#W(*)3
marydijlghijgj@gmail.com,c$dL4T#W(*)3
viratwilks@gmail.com,c$dL4T#W(*)3
coreyeuiewiu@gmail.com,c$dL4T#W(*)3
shobhawilliams@gmail.com,c$dL4T#W(*)3
michaelasgdjas@gmail.com,c$dL4T#W(*)3
bhushanasgdjas@gmail.com,c$dL4T#W(*)3
shobhagopala@gmail.com,c$dL4T#W(*)3
glennjenkins@gmail.com,c$dL4T#W(*)3
paavanthomas@gmail.com,c$dL4T#W(*)3
laurawilks@gmail.com,c$dL4T#W(*)3
kurtygfa@gmail.com,c$dL4T#W(*)3
varunasdgagh@gmail.com,c$dL4T#W(*)3
tomdoe@gmail.com,c$dL4T#W(*)3
elizabethmiller@gmail.com,c$dL4T#W(*)3
coreywilks@gmail.com,c$dL4T#W(*)3
jenniferiuerote@gmail.com,c$dL4T#W(*)3
ashwiniwhite@gmail.com,c$dL4T#W(*)3
samgopala@gmail.com,c$dL4T#W(*)3
abcdwilks@gmail.com,c$dL4T#W(*)3
coreyjones@gmail.com,c$dL4T#W(*)3
klmiller@gmail.com,c$dL4T#W(*)3
steveasdasjkkj@gmail.com,c$dL4T#W(*)3
pliuerote@gmail.com,c$dL4T#W(*)3
joewilks@gmail.com,c$dL4T#W(*)3
charlesjohnson@gmail.com,c$dL4T#W(*)3
elizabethmurgod@gmail.com,c$dL4T#W(*)3
janejefferson@gmail.com,c$dL4T#W(*)3
barbarajefferson@gmail.com,c$dL4T#W(*)3
maggiesurwihufd@gmail.com,c$dL4T#W(*)3
asviniharris@gmail.com,c$dL4T#W(*)3
mseuiewiu@gmail.com,c$dL4T#W(*)3
robertasgdjas@gmail.com,c$dL4T#W(*)3
paavanasgdjas@gmail.com,c$dL4T#W(*)3
janeadugf@gmail.com,c$dL4T#W(*)3
samtaylor@gmail.com,c$dL4T#W(*)3
hemalarnold@gmail.com,c$dL4T#W(*)3
lauraasdugas@gmail.com,c$dL4T#W(*)3
varunjohnson@gmail.com,c$dL4T#W(*)3
kedartaylor@gmail.com,c$dL4T#W(*)3
elizabethadugf@gmail.com,c$dL4T#W(*)3
johngopala@gmail.com,c$dL4T#W(*)3
samplkdfond@gmail.com,c$dL4T#W(*)3
plwilson@gmail.com,c$dL4T#W(*)3
ashwinijones@gmail.com,c$dL4T#W(*)3
suuujackson@gmail.com,c$dL4T#W(*)3
mohammedwilks@gmail.com,c$dL4T#W(*)3
robertwilliams@gmail.com,c$dL4T#W(*)3
tomjohnson@gmail.com,c$dL4T#W(*)3
johnarnold@gmail.com,c$dL4T#W(*)3
iplharris@gmail.com,c$dL4T#W(*)3
iplbrown@gmail.com,c$dL4T#W(*)3
asvinidijlghijgj@gmail.com,c$dL4T#W(*)3
bhushantwuejczb@gmail.com,c$dL4T#W(*)3
rohitmartin@gmail.com,c$dL4T#W(*)3
aishudoe@gmail.com,c$dL4T#W(*)3
jamesanderson@gmail.com,c$dL4T#W(*)3
ecfgtanderson@gmail.com,c$dL4T#W(*)3
davemiller@gmail.com,c$dL4T#W(*)3
machawilliams@gmail.com,c$dL4T#W(*)3
satishanabalagan@gmail.com,c$dL4T#W(*)3
sharuplkdfond@gmail.com,c$dL4T#W(*)3
tomtwuejczb@gmail.com,c$dL4T#W(*)3
manjuygfa@gmail.com,c$dL4T#W(*)3
klrobinson@gmail.com,c$dL4T#W(*)3
shikarbrown@gmail.com,c$dL4T#W(*)3
thilakarnold@gmail.com,c$dL4T#W(*)3
shobanaasdgagh@gmail.com,c$dL4T#W(*)3
stevejohnson@gmail.com,c$dL4T#W(*)3
jamesmiller@gmail.com,c$dL4T#W(*)3
asvinijacobs@gmail.com,c$dL4T#W(*)3
bhuavananderson@gmail.com,c$dL4T#W(*)3
elizabethiuerote@gmail.com,c$dL4T#W(*)3
marysurwihufd@gmail.com,c$dL4T#W(*)3
nicolerobinson@gmail.com,c$dL4T#W(*)3
sharuwilson@gmail.com,c$dL4T#W(*)3
ipleuiewiu@gmail.com,c$dL4T#W(*)3
kurttwuejczb@gmail.com,c$dL4T#W(*)3
travisdijlghijgj@gmail.com,c$dL4T#W(*)3
neilwright@gmail.com,c$dL4T#W(*)3
joeasgdjas@gmail.com,c$dL4T#W(*)3
joesmith@gmail.com,c$dL4T#W(*)3
davidwright@gmail.com,c$dL4T#W(*)3
suuuanderson@gmail.com,c$dL4T#W(*)3
viratbrown@gmail.com,c$dL4T#W(*)3
jamesplkdfond@gmail.com,c$dL4T#W(*)3
mariataylor@gmail.com,c$dL4T#W(*)3
patriciajohnson@gmail.com,c$dL4T#W(*)3
bhushananabalagan@gmail.com,c$dL4T#W(*)3
glenndijlghijgj@gmail.com,c$dL4T#W(*)3
kedarsurwihufd@gmail.com,c$dL4T#W(*)3
machabrown@gmail.com,c$dL4T#W(*)3
hemaleuiewiu@gmail.com,c$dL4T#W(*)3
davidjones@gmail.com,c$dL4T#W(*)3
shobanajones@gmail.com,c$dL4T#W(*)3
neildoe@gmail.com,c$dL4T#W(*)3
akshayarnold@gmail.com,c$dL4T#W(*)3
sharuasdgagh@gmail.com,c$dL4T#W(*)3
samjefferson@gmail.com,c$dL4T#W(*)3
jennifermurgod@gmail.com,c$dL4T#W(*)3
hemaldavis@gmail.com,c$dL4T#W(*)3
manjurobinson@gmail.com,c$dL4T#W(*)3
jamesbrown@gmail.com,c$dL4T#W(*)3
davidadugf@gmail.com,c$dL4T#W(*)3
mohammedasdgagh@gmail.com,c$dL4T#W(*)3
michaelsmith@gmail.com,c$dL4T#W(*)3
viratwilson@gmail.com,c$dL4T#W(*)3
suuuasdasjkkj@gmail.com,c$dL4T#W(*)3
paavansmith@gmail.com,c$dL4T#W(*)3
karunadugf@gmail.com,c$dL4T#W(*)3
johnadugf@gmail.com,c$dL4T#W(*)3
robertthomas@gmail.com,c$dL4T#W(*)3
laurakumargadhiya@gmail.com,c$dL4T#W(*)3
daviddavis@gmail.com,c$dL4T#W(*)3
ecfgtrobinson@gmail.com,c$dL4T#W(*)3
samdavis@gmail.com,c$dL4T#W(*)3
kurtasgdjas@gmail.com,c$dL4T#W(*)3
mariajackson@gmail.com,c$dL4T#W(*)3
mohammedjacobs@gmail.com,c$dL4T#W(*)3
varunasdugas@gmail.com,c$dL4T#W(*)3
ishanthwhite@gmail.com,c$dL4T#W(*)3
maggiegopala@gmail.com,c$dL4T#W(*)3
iplwright@gmail.com,c$dL4T#W(*)3
satishadugf@gmail.com,c$dL4T#W(*)3
neilasgdjas@gmail.com,c$dL4T#W(*)3
thilakadugf@gmail.com,c$dL4T#W(*)3
ipljones@gmail.com,c$dL4T#W(*)3
lauragopala@gmail.com,c$dL4T#W(*)3
paavanmartin@gmail.com,c$dL4T#W(*)3
abcdharris@gmail.com,c$dL4T#W(*)3
elizabethpatterson@gmail.com,c$dL4T#W(*)3
bhushankumargadhiya@gmail.com,c$dL4T#W(*)3
robertanabalagan@gmail.com,c$dL4T#W(*)3
neilrobinson@gmail.com,c$dL4T#W(*)3
charlesdavis@gmail.com,c$dL4T#W(*)3
shikarjones@gmail.com,c$dL4T#W(*)3
iplmurgod@gmail.com,c$dL4T#W(*)3
mswilson@gmail.com,c$dL4T#W(*)3
maryygfa@gmail.com,c$dL4T#W(*)3
shobanamartin@gmail.com,c$dL4T#W(*)3
shikarjenkins@gmail.com,c$dL4T#W(*)3
daveanabalagan@gmail.com,c$dL4T#W(*)3
travisjackson@gmail.com,c$dL4T#W(*)3
satishasdugas@gmail.com,c$dL4T#W(*)3
kurtwright@gmail.com,c$dL4T#W(*)3
lindaygfa@gmail.com,c$dL4T#W(*)3
ecfgtmoore@gmail.com,c$dL4T#W(*)3
shobhawhite@gmail.com,c$dL4T#W(*)3
ecfgtplkdfond@gmail.com,c$dL4T#W(*)3
marystuart@gmail.com,c$dL4T#W(*)3
thilakdavis@gmail.com,c$dL4T#W(*)3
thilakwright@gmail.com,c$dL4T#W(*)3
kljacobs@gmail.com,c$dL4T#W(*)3
patriciadoe@gmail.com,c$dL4T#W(*)3
suuuanabalagan@gmail.com,c$dL4T#W(*)3
barbarastuart@gmail.com,c$dL4T#W(*)3
shikarwhite@gmail.com,c$dL4T#W(*)3
pldoe@gmail.com,c$dL4T#W(*)3
iplwilks@gmail.com,c$dL4T#W(*)3
machajohnson@gmail.com,c$dL4T#W(*)3
janekumargadhiya@gmail.com,c$dL4T#W(*)3
rohitjackson@gmail.com,c$dL4T#W(*)3
daviddijlghijgj@gmail.com,c$dL4T#W(*)3
traviswilks@gmail.com,c$dL4T#W(*)3
thilakmoore@gmail.com,c$dL4T#W(*)3
ishanthjackson@gmail.com,c$dL4T#W(*)3
mohammedwhite@gmail.com,c$dL4T#W(*)3
janeanabalagan@gmail.com,c$dL4T#W(*)3
jenniferjenkins@gmail.com,c$dL4T#W(*)3
varunanderson@gmail.com,c$dL4T#W(*)3
shobhamurgod@gmail.com,c$dL4T#W(*)3
samharris@gmail.com,c$dL4T#W(*)3
manjujenkins@gmail.com,c$dL4T#W(*)3
mariamurgod@gmail.com,c$dL4T#W(*)3
davidrobinson@gmail.com,c$dL4T#W(*)3
elizabethtaylor@gmail.com,c$dL4T#W(*)3
iplasdasjkkj@gmail.com,c$dL4T#W(*)3
aishuagyuyaugfr@gmail.com,c$dL4T#W(*)3
abcdgopala@gmail.com,c$dL4T#W(*)3
lauradijlghijgj@gmail.com,c$dL4T#W(*)3
manjuwilson@gmail.com,c$dL4T#W(*)3
steverobinson@gmail.com,c$dL4T#W(*)3
samadugf@gmail.com,c$dL4T#W(*)3
paavanbrown@gmail.com,c$dL4T#W(*)3
plwright@gmail.com,c$dL4T#W(*)3
ecfgtjenkins@gmail.com,c$dL4T#W(*)3
abcdwright@gmail.com,c$dL4T#W(*)3
shikarasdgagh@gmail.com,c$dL4T#W(*)3
davejones@gmail.com,c$dL4T#W(*)3
paavanjenkins@gmail.com,c$dL4T#W(*)3
rohitdavis@gmail.com,c$dL4T#W(*)3
barbarawilliams@gmail.com,c$dL4T#W(*)3
satishdoe@gmail.com,c$dL4T#W(*)3
karunpatterson@gmail.com,c$dL4T#W(*)3
bhuavanmiller@gmail.com,c$dL4T#W(*)3
elizabethanabalagan@gmail.com,c$dL4T#W(*)3
joewright@gmail.com,c$dL4T#W(*)3
mohammedharris@gmail.com,c$dL4T#W(*)3
lindajefferson@gmail.com,c$dL4T#W(*)3
suuumurgod@gmail.com,c$dL4T#W(*)3
shobanadavis@gmail.com,c$dL4T#W(*)3
kleuiewiu@gmail.com,c$dL4T#W(*)3
suuujenkins@gmail.com,c$dL4T#W(*)3
kurtharris@gmail.com,c$dL4T#W(*)3
michaeltwuejczb@gmail.com,c$dL4T#W(*)3
janeplkdfond@gmail.com,c$dL4T#W(*)3
asvinieuiewiu@gmail.com,c$dL4T#W(*)3
glennpatterson@gmail.com,c$dL4T#W(*)3
maryjenkins@gmail.com,c$dL4T#W(*)3
samdijlghijgj@gmail.com,c$dL4T#W(*)3
ashwinidoe@gmail.com,c$dL4T#W(*)3
shobanawilson@gmail.com,c$dL4T#W(*)3
bhushanharris@gmail.com,c$dL4T#W(*)3
paavanstuart@gmail.com,c$dL4T#W(*)3
janewilliams@gmail.com,c$dL4T#W(*)3
nicoledavis@gmail.com,c$dL4T#W(*)3
iplsmith@gmail.com,c$dL4T#W(*)3
satishasgdjas@gmail.com,c$dL4T#W(*)3
akshaypatterson@gmail.com,c$dL4T#W(*)3
bhushanwright@gmail.com,c$dL4T#W(*)3
barbaragopala@gmail.com,c$dL4T#W(*)3
nicolesurwihufd@gmail.com,c$dL4T#W(*)3
kljones@gmail.com,c$dL4T#W(*)3
karunwilson@gmail.com,c$dL4T#W(*)3
ashwiniwilson@gmail.com,c$dL4T#W(*)3
samwright@gmail.com,c$dL4T#W(*)3
aishudavis@gmail.com,c$dL4T#W(*)3
suuusurwihufd@gmail.com,c$dL4T#W(*)3
sameuiewiu@gmail.com,c$dL4T#W(*)3
abcdmartin@gmail.com,c$dL4T#W(*)3
rohitwhite@gmail.com,c$dL4T#W(*)3
kedarjenkins@gmail.com,c$dL4T#W(*)3
davemurgod@gmail.com,c$dL4T#W(*)3
mohammediuerote@gmail.com,c$dL4T#W(*)3
paavanplkdfond@gmail.com,c$dL4T#W(*)3
coreyharris@gmail.com,c$dL4T#W(*)3
bhushansmith@gmail.com,c$dL4T#W(*)3
glennasdugas@gmail.com,c$dL4T#W(*)3
hemalwhite@gmail.com,c$dL4T#W(*)3
suuustuart@gmail.com,c$dL4T#W(*)3
rohitadugf@gmail.com,c$dL4T#W(*)3
coreyasdasjkkj@gmail.com,c$dL4T#W(*)3
rohitiuerote@gmail.com,c$dL4T#W(*)3
lindaasdasjkkj@gmail.com,c$dL4T#W(*)3
patriciaeuiewiu@gmail.com,c$dL4T#W(*)3
davidtaylor@gmail.com,c$dL4T#W(*)3
klharris@gmail.com,c$dL4T#W(*)3
patriciajackson@gmail.com,c$dL4T#W(*)3
steveplkdfond@gmail.com,c$dL4T#W(*)3
viratdavis@gmail.com,c$dL4T#W(*)3
hemalsurwihufd@gmail.com,c$dL4T#W(*)3
thilaktaylor@gmail.com,c$dL4T#W(*)3
thilakjones@gmail.com,c$dL4T#W(*)3
paavanarnold@gmail.com,c$dL4T#W(*)3
stevethomas@gmail.com,c$dL4T#W(*)3
ishanthygfa@gmail.com,c$dL4T#W(*)3
stevedijlghijgj@gmail.com,c$dL4T#W(*)3
sharutwuejczb@gmail.com,c$dL4T#W(*)3
coreydijlghijgj@gmail.com,c$dL4T#W(*)3
akshaydijlghijgj@gmail.com,c$dL4T#W(*)3
thilakanabalagan@gmail.com,c$dL4T#W(*)3
neiljefferson@gmail.com,c$dL4T#W(*)3
shobhapatterson@gmail.com,c$dL4T#W(*)3
bhushanjones@gmail.com,c$dL4T#W(*)3
machatwuejczb@gmail.com,c$dL4T#W(*)3
lauraplkdfond@gmail.com,c$dL4T#W(*)3
paavangopala@gmail.com,c$dL4T#W(*)3
ashwinikumargadhiya@gmail.com,c$dL4T#W(*)3
shobhaasgdjas@gmail.com,c$dL4T#W(*)3
samjohnson@gmail.com,c$dL4T#W(*)3
coreymiller@gmail.com,c$dL4T#W(*)3
mariasmith@gmail.com,c$dL4T#W(*)3
varunstuart@gmail.com,c$dL4T#W(*)3
coreystuart@gmail.com,c$dL4T#W(*)3
ecfgtwhite@gmail.com,c$dL4T#W(*)3
msjacobs@gmail.com,c$dL4T#W(*)3
hemalsmith@gmail.com,c$dL4T#W(*)3
samjacobs@gmail.com,c$dL4T#W(*)3
sharustuart@gmail.com,c$dL4T#W(*)3
maggiemiller@gmail.com,c$dL4T#W(*)3
mohammedagyuyaugfr@gmail.com,c$dL4T#W(*)3
tomwhite@gmail.com,c$dL4T#W(*)3
satishwright@gmail.com,c$dL4T#W(*)3
janedoe@gmail.com,c$dL4T#W(*)3
kurtmiller@gmail.com,c$dL4T#W(*)3
tomdavis@gmail.com,c$dL4T#W(*)3
shobanajenkins@gmail.com,c$dL4T#W(*)3
barbaraplkdfond@gmail.com,c$dL4T#W(*)3
kurtmurgod@gmail.com,c$dL4T#W(*)3
varunygfa@gmail.com,c$dL4T#W(*)3
marybrown@gmail.com,c$dL4T#W(*)3
lauraadugf@gmail.com,c$dL4T#W(*)3
machaagyuyaugfr@gmail.com,c$dL4T#W(*)3
patriciamurgod@gmail.com,c$dL4T#W(*)3
jennifereuiewiu@gmail.com,c$dL4T#W(*)3
varunmartin@gmail.com,c$dL4T#W(*)3
plarnold@gmail.com,c$dL4T#W(*)3
johnasdgagh@gmail.com,c$dL4T#W(*)3
bhuavanmartin@gmail.com,c$dL4T#W(*)3
pltaylor@gmail.com,c$dL4T#W(*)3
ashwinijefferson@gmail.com,c$dL4T#W(*)3
glennwilliams@gmail.com,c$dL4T#W(*)3
viratsurwihufd@gmail.com,c$dL4T#W(*)3
barbarawhite@gmail.com,c$dL4T#W(*)3
coreyagyuyaugfr@gmail.com,c$dL4T#W(*)3
hemalwilliams@gmail.com,c$dL4T#W(*)3
sharugopala@gmail.com,c$dL4T#W(*)3
bhuavanstuart@gmail.com,c$dL4T#W(*)3
johnmiller@gmail.com,c$dL4T#W(*)3
bhuavanasdgagh@gmail.com,c$dL4T#W(*)3
mariawhite@gmail.com,c$dL4T#W(*)3
satishasdasjkkj@gmail.com,c$dL4T#W(*)3
davestuart@gmail.com,c$dL4T#W(*)3
rohiteuiewiu@gmail.com,c$dL4T#W(*)3
kldavis@gmail.com,c$dL4T#W(*)3
bhushandijlghijgj@gmail.com,c$dL4T#W(*)3
pladugf@gmail.com,c$dL4T#W(*)3
sambrown@gmail.com,c$dL4T#W(*)3
hemaladugf@gmail.com,c$dL4T#W(*)3
ipljefferson@gmail.com,c$dL4T#W(*)3
sharusurwihufd@gmail.com,c$dL4T#W(*)3
janebrown@gmail.com,c$dL4T#W(*)3
asviniasdgagh@gmail.com,c$dL4T#W(*)3
msrobinson@gmail.com,c$dL4T#W(*)3
asvinianabalagan@gmail.com,c$dL4T#W(*)3
satishjefferson@gmail.com,c$dL4T#W(*)3
kurtadugf@gmail.com,c$dL4T#W(*)3
karuneuiewiu@gmail.com,c$dL4T#W(*)3
paavanagyuyaugfr@gmail.com,c$dL4T#W(*)3
viratjacobs@gmail.com,c$dL4T#W(*)3
shobanagopala@gmail.com,c$dL4T#W(*)3
davidwilks@gmail.com,c$dL4T#W(*)3
lindakumargadhiya@gmail.com,c$dL4T#W(*)3
kedargopala@gmail.com,c$dL4T#W(*)3
elizabethjefferson@gmail.com,c$dL4T#W(*)3
davidpatterson@gmail.com,c$dL4T#W(*)3
lindaasgdjas@gmail.com,c$dL4T#W(*)3
michaelasdugas@gmail.com,c$dL4T#W(*)3
akshayjohnson@gmail.com,c$dL4T#W(*)3
michaelanderson@gmail.com,c$dL4T#W(*)3
joejohnson@gmail.com,c$dL4T#W(*)3
kurtwilks@gmail.com,c$dL4T#W(*)3
bhuavanharris@gmail.com,c$dL4T#W(*)3
akshaystuart@gmail.com,c$dL4T#W(*)3
varunsurwihufd@gmail.com,c$dL4T#W(*)3
hemalpatterson@gmail.com,c$dL4T#W(*)3
viratrobinson@gmail.com,c$dL4T#W(*)3
manjuwright@gmail.com,c$dL4T#W(*)3
mstaylor@gmail.com,c$dL4T#W(*)3
varunjones@gmail.com,c$dL4T#W(*)3
stevemurgod@gmail.com,c$dL4T#W(*)3
shobhatwuejczb@gmail.com,c$dL4T#W(*)3
jenniferwilks@gmail.com,c$dL4T#W(*)3
elizabethmartin@gmail.com,c$dL4T#W(*)3
charlesasdgagh@gmail.com,c$dL4T#W(*)3
kurtjohnson@gmail.com,c$dL4T#W(*)3
manjumiller@gmail.com,c$dL4T#W(*)3
barbaramurgod@gmail.com,c$dL4T#W(*)3
travisdoe@gmail.com,c$dL4T#W(*)3
janetaylor@gmail.com,c$dL4T#W(*)3
elizabetharnold@gmail.com,c$dL4T#W(*)3
maggieplkdfond@gmail.com,c$dL4T#W(*)3
satishmoore@gmail.com,c$dL4T#W(*)3
patriciapatterson@gmail.com,c$dL4T#W(*)3
davesmith@gmail.com,c$dL4T#W(*)3
mspatterson@gmail.com,c$dL4T#W(*)3
klwhite@gmail.com,c$dL4T#W(*)3
stevejackson@gmail.com,c$dL4T#W(*)3
aishuygfa@gmail.com,c$dL4T#W(*)3
manjuarnold@gmail.com,c$dL4T#W(*)3
charlesgopala@gmail.com,c$dL4T#W(*)3
nicoleasgdjas@gmail.com,c$dL4T#W(*)3
hemalasdugas@gmail.com,c$dL4T#W(*)3
laurajackson@gmail.com,c$dL4T#W(*)3
bhushandavis@gmail.com,c$dL4T#W(*)3
viratjefferson@gmail.com,c$dL4T#W(*)3
aishuasdugas@gmail.com,c$dL4T#W(*)3
travisjones@gmail.com,c$dL4T#W(*)3
bhuavanjefferson@gmail.com,c$dL4T#W(*)3
karunarnold@gmail.com,c$dL4T#W(*)3
coreytwuejczb@gmail.com,c$dL4T#W(*)3
karunharris@gmail.com,c$dL4T#W(*)3
suuuiuerote@gmail.com,c$dL4T#W(*)3
plmoore@gmail.com,c$dL4T#W(*)3
lauradavis@gmail.com,c$dL4T#W(*)3
mohammedarnold@gmail.com,c$dL4T#W(*)3
elizabethdavis@gmail.com,c$dL4T#W(*)3
joedijlghijgj@gmail.com,c$dL4T#W(*)3
maryasdgagh@gmail.com,c$dL4T#W(*)3
maryjackson@gmail.com,c$dL4T#W(*)3
maggiearnold@gmail.com,c$dL4T#W(*)3
johnjefferson@gmail.com,c$dL4T#W(*)3
johnagyuyaugfr@gmail.com,c$dL4T#W(*)3
plpatterson@gmail.com,c$dL4T#W(*)3
davidharris@gmail.com,c$dL4T#W(*)3
lindaiuerote@gmail.com,c$dL4T#W(*)3
bhushaneuiewiu@gmail.com,c$dL4T#W(*)3
glennmiller@gmail.com,c$dL4T#W(*)3
jenniferwilliams@gmail.com,c$dL4T#W(*)3
nicoleanabalagan@gmail.com,c$dL4T#W(*)3
samsmith@gmail.com,c$dL4T#W(*)3
sammoore@gmail.com,c$dL4T#W(*)3
johnpatterson@gmail.com,c$dL4T#W(*)3
ecfgtjohnson@gmail.com,c$dL4T#W(*)3
janewright@gmail.com,c$dL4T#W(*)3
johnbrown@gmail.com,c$dL4T#W(*)3
machaeuiewiu@gmail.com,c$dL4T#W(*)3
karunjefferson@gmail.com,c$dL4T#W(*)3
ishanthwilson@gmail.com,c$dL4T#W(*)3
jamessurwihufd@gmail.com,c$dL4T#W(*)3
suuubrown@gmail.com,c$dL4T#W(*)3
bhuavansurwihufd@gmail.com,c$dL4T#W(*)3
davidmoore@gmail.com,c$dL4T#W(*)3
hemalmiller@gmail.com,c$dL4T#W(*)3
charlesmurgod@gmail.com,c$dL4T#W(*)3
charlesdoe@gmail.com,c$dL4T#W(*)3
glennanabalagan@gmail.com,c$dL4T#W(*)3
thilakjenkins@gmail.com,c$dL4T#W(*)3
msanderson@gmail.com,c$dL4T#W(*)3
manjumartin@gmail.com,c$dL4T#W(*)3
kurtiuerote@gmail.com,c$dL4T#W(*)3
michaeldijlghijgj@gmail.com,c$dL4T#W(*)3
mariajacobs@gmail.com,c$dL4T#W(*)3
joejenkins@gmail.com,c$dL4T#W(*)3
nicoleagyuyaugfr@gmail.com,c$dL4T#W(*)3
glenndavis@gmail.com,c$dL4T#W(*)3
manjudavis@gmail.com,c$dL4T#W(*)3
nicoletaylor@gmail.com,c$dL4T#W(*)3
neilwhite@gmail.com,c$dL4T#W(*)3
robertsurwihufd@gmail.com,c$dL4T#W(*)3
rohitsurwihufd@gmail.com,c$dL4T#W(*)3
suuujefferson@gmail.com,c$dL4T#W(*)3
shobanastuart@gmail.com,c$dL4T#W(*)3
glennsurwihufd@gmail.com,c$dL4T#W(*)3
jenniferjackson@gmail.com,c$dL4T#W(*)3
steveasgdjas@gmail.com,c$dL4T#W(*)3
coreyasdugas@gmail.com,c$dL4T#W(*)3
akshaykumargadhiya@gmail.com,c$dL4T#W(*)3
samjenkins@gmail.com,c$dL4T#W(*)3
mariatwuejczb@gmail.com,c$dL4T#W(*)3
varunharris@gmail.com,c$dL4T#W(*)3
satishjones@gmail.com,c$dL4T#W(*)3
manjuthomas@gmail.com,c$dL4T#W(*)3
michaelwilson@gmail.com,c$dL4T#W(*)3
viratmoore@gmail.com,c$dL4T#W(*)3
klthomas@gmail.com,c$dL4T#W(*)3
plasdasjkkj@gmail.com,c$dL4T#W(*)3
manjupatterson@gmail.com,c$dL4T#W(*)3
viratasdgagh@gmail.com,c$dL4T#W(*)3
samkumargadhiya@gmail.com,c$dL4T#W(*)3
mswhite@gmail.com,c$dL4T#W(*)3
hemaltaylor@gmail.com,c$dL4T#W(*)3
coreyjacobs@gmail.com,c$dL4T#W(*)3
manjukumargadhiya@gmail.com,c$dL4T#W(*)3
sharumoore@gmail.com,c$dL4T#W(*)3
joearnold@gmail.com,c$dL4T#W(*)3
sharusmith@gmail.com,c$dL4T#W(*)3
abcdsurwihufd@gmail.com,c$dL4T#W(*)3
travismiller@gmail.com,c$dL4T#W(*)3
karunygfa@gmail.com,c$dL4T#W(*)3
asvinisurwihufd@gmail.com,c$dL4T#W(*)3
ishanthanderson@gmail.com,c$dL4T#W(*)3
iplasdgagh@gmail.com,c$dL4T#W(*)3
shobhadavis@gmail.com,c$dL4T#W(*)3
davideuiewiu@gmail.com,c$dL4T#W(*)3
ishanthjacobs@gmail.com,c$dL4T#W(*)3
ishanthjohnson@gmail.com,c$dL4T#W(*)3
maggieanabalagan@gmail.com,c$dL4T#W(*)3
thilakplkdfond@gmail.com,c$dL4T#W(*)3
ecfgtadugf@gmail.com,c$dL4T#W(*)3
nicolejackson@gmail.com,c$dL4T#W(*)3
akshayeuiewiu@gmail.com,c$dL4T#W(*)3
janegopala@gmail.com,c$dL4T#W(*)3
abcdygfa@gmail.com,c$dL4T#W(*)3
bhuavansmith@gmail.com,c$dL4T#W(*)3
davidmiller@gmail.com,c$dL4T#W(*)3
glenntwuejczb@gmail.com,c$dL4T#W(*)3
bhushanmoore@gmail.com,c$dL4T#W(*)3
ashwinibrown@gmail.com,c$dL4T#W(*)3
plwhite@gmail.com,c$dL4T#W(*)3
akshaygopala@gmail.com,c$dL4T#W(*)3
nicoleadugf@gmail.com,c$dL4T#W(*)3
suuusmith@gmail.com,c$dL4T#W(*)3
johneuiewiu@gmail.com,c$dL4T#W(*)3
marythomas@gmail.com,c$dL4T#W(*)3
neilygfa@gmail.com,c$dL4T#W(*)3
charlesiuerote@gmail.com,c$dL4T#W(*)3
jamesjohnson@gmail.com,c$dL4T#W(*)3
tomasdugas@gmail.com,c$dL4T#W(*)3
thilakmurgod@gmail.com,c$dL4T#W(*)3
kedarsmith@gmail.com,c$dL4T#W(*)3
kedardavis@gmail.com,c$dL4T#W(*)3
stevewright@gmail.com,c$dL4T#W(*)3
stevejones@gmail.com,c$dL4T#W(*)3
manjusurwihufd@gmail.com,c$dL4T#W(*)3
kurtpatterson@gmail.com,c$dL4T#W(*)3
jennifermartin@gmail.com,c$dL4T#W(*)3
jenniferygfa@gmail.com,c$dL4T#W(*)3
kurtjacobs@gmail.com,c$dL4T#W(*)3
coreykumargadhiya@gmail.com,c$dL4T#W(*)3
joeharris@gmail.com,
michaelkumargadhiya@gmail.com,
rohitygfa@gmail.com,
aishustuart@gmail.com,
samrobinson@gmail.com,
janethomas@gmail.com,
mstwuejczb@gmail.com,
jenniferdoe@gmail.com,
rohitjenkins@gmail.com,
thilakagyuyaugfr@gmail.com,
joeplkdfond@gmail.com,
maryrobinson@gmail.com,
barbaraanabalagan@gmail.com,
plmiller@gmail.com,
steveasdgagh@gmail.com,
janemartin@gmail.com,
janedavis@gmail.com,
tomkumargadhiya@gmail.com,
hemaljenkins@gmail.com,
barbarathomas@gmail.com,
barbaraeuiewiu@gmail.com,
sharuanabalagan@gmail.com,
suuuasdgagh@gmail.com,
joethomas@gmail.com,
aishumartin@gmail.com,
glennygfa@gmail.com,
glennwilks@gmail.com,
elizabethstuart@gmail.com,
abcdjones@gmail.com,
michaeltaylor@gmail.com,
lauramoore@gmail.com,
davidanderson@gmail.com,
charlesjackson@gmail.com,
ipltaylor@gmail.com,
manjudoe@gmail.com,
mariaanderson@gmail.com,
maggieanderson@gmail.com,
jameskumargadhiya@gmail.com,
jenniferarnold@gmail.com,
hemalstuart@gmail.com,
davearnold@gmail.com,
jenniferkumargadhiya@gmail.com,
ashwinimiller@gmail.com,
jamesmartin@gmail.com,
shobanaasdasjkkj@gmail.com,
joeiuerote@gmail.com,
ecfgtasdugas@gmail.com,
machadavis@gmail.com,
karunrobinson@gmail.com,
suuuasgdjas@gmail.com,
suuuwilliams@gmail.com,
janestuart@gmail.com,
patriciaharris@gmail.com,
laurajacobs@gmail.com,
lindaarnold@gmail.com,
laurasmith@gmail.com,
viratplkdfond@gmail.com,
johnharris@gmail.com,
ecfgtagyuyaugfr@gmail.com,
varunsmith@gmail.com,
abcdmiller@gmail.com,
ipljenkins@gmail.com,
shikarplkdfond@gmail.com,
kliuerote@gmail.com,